Name,Price,Model,URL
"APPLE iPhone 15 (Black, 128 GB)",74999,MTP03HN/A,https://www.flipkart.com/apple-iphone-15-black-128-gb/p/itm6ac6485515ae4?pid=MOBGTAGPTB3VS24W&lid=LSTMOBGTAGPTB3VS24WYZPL8F&marketplace=FLIPKART&q=phones&store=tyy%2F4io&srno=s_1_1&otracker=search&fm=organic&iid=3880bfec-6157-4e5c-a93c-a5274266ab63.MOBGTAGPTB3VS24W.SEARCH&ppt=None&ppn=None&ssid=pdatwo5n740000001704963931030&qH=28388ea49f54c5b8
"MOTOROLA g54 5G (Pearl Blue, 128 GB)",14999,PAYW0007IN,https://www.flipkart.com/motorola-g54-5g-pearl-blue-128-gb/p/itm8d5c2baa065c6?pid=MOBGQFX8TMM555GW&lid=LSTMOBGQFX8TMM555GWMGXPWV&marketplace=FLIPKART&q=phones&store=tyy%2F4io&srno=s_1_2&otracker=search&fm=organic&iid=3880bfec-6157-4e5c-a93c-a5274266ab63.MOBGQFX8TMM555GW.SEARCH&ppt=None&ppn=None&ssid=pdatwo5n740000001704963931030&qH=28388ea49f54c5b8
"vivo T2x 5G (Aurora Gold, 128 GB)",14999,V2253|V2312,https://www.flipkart.com/vivo-t2x-5g-aurora-gold-128-gb/p/itmcb8f0f6a85d5d?pid=MOBGZBFUSEFSWASX&lid=LSTMOBGZBFUSEFSWASXBYGWK9&marketplace=FLIPKART&q=phones&store=tyy%2F4io&srno=s_1_3&otracker=search&fm=organic&iid=3880bfec-6157-4e5c-a93c-a5274266ab63.MOBGZBFUSEFSWASX.SEARCH&ppt=None&ppn=None&ssid=pdatwo5n740000001704963931030&qH=28388ea49f54c5b8
"vivo T2x 5G (Aurora Gold, 128 GB)",12999,,https://www.flipkart.com/vivo-t2x-5g-aurora-gold-128-gb/p/itmcb8f0f6a85d5d?pid=MOBGZBFUFNDXSGHS&lid=LSTMOBGZBFUFNDXSGHSMEZSSN&marketplace=FLIPKART&q=phones&store=tyy%2F4io&spotlightTagId=BestsellerId_tyy%2F4io&srno=s_1_4&otracker=search&fm=organic&iid=3880bfec-6157-4e5c-a93c-a5274266ab63.MOBGZBFUFNDXSGHS.SEARCH&ppt=None&ppn=None&ssid=pdatwo5n740000001704963931030&qH=28388ea49f54c5b8
"vivo T2x 5G (Glimmer Black, 128 GB)",12999,V2253|V2312,https://www.flipkart.com/vivo-t2x-5g-glimmer-black-128-gb/p/itmcb8f0f6a85d5d?pid=MOBGZBFUF389GDMP&lid=LSTMOBGZBFUF389GDMPYKMTEO&marketplace=FLIPKART&q=phones&store=tyy%2F4io&srno=s_1_5&otracker=search&fm=organic&iid=3880bfec-6157-4e5c-a93c-a5274266ab63.MOBGZBFUF389GDMP.SEARCH&ppt=None&ppn=None&ssid=pdatwo5n740000001704963931030&qH=28388ea49f54c5b8
"vivo T2x 5G (Marine Blue, 128 GB)",12999,V2253|V2312,https://www.flipkart.com/vivo-t2x-5g-marine-blue-128-gb/p/itmcb8f0f6a85d5d?pid=MOBGZBFU4HBKKFSN&lid=LSTMOBGZBFU4HBKKFSNXXMXTS&marketplace=FLIPKART&q=phones&store=tyy%2F4io&spotlightTagId=BestsellerId_tyy%2F4io&srno=s_1_6&otracker=search&fm=organic&iid=3880bfec-6157-4e5c-a93c-a5274266ab63.MOBGZBFU4HBKKFSN.SEARCH&ppt=None&ppn=None&ssid=pdatwo5n740000001704963931030&qH=28388ea49f54c5b8
"vivo T2x 5G (Marine Blue, 128 GB)",14999,V2253|V2312,https://www.flipkart.com/vivo-t2x-5g-marine-blue-128-gb/p/itmcb8f0f6a85d5d?pid=MOBGZBFUZHRYUKVR&lid=LSTMOBGZBFUZHRYUKVRNME6VW&marketplace=FLIPKART&q=phones&store=tyy%2F4io&srno=s_1_7&otracker=search&fm=organic&iid=3880bfec-6157-4e5c-a93c-a5274266ab63.MOBGZBFUZHRYUKVR.SEARCH&ppt=None&ppn=None&ssid=pdatwo5n740000001704963931030&qH=28388ea49f54c5b8
"vivo T2x 5G (Glimmer Black, 128 GB)",11999,V2253|V2312,https://www.flipkart.com/vivo-t2x-5g-glimmer-black-128-gb/p/itmcb8f0f6a85d5d?pid=MOBGZBFUZDW5JHYW&lid=LSTMOBGZBFUZDW5JHYWRCDY5W&marketplace=FLIPKART&q=phones&store=tyy%2F4io&srno=s_1_8&otracker=search&fm=organic&iid=3880bfec-6157-4e5c-a93c-a5274266ab63.MOBGZBFUZDW5JHYW.SEARCH&ppt=None&ppn=None&ssid=pdatwo5n740000001704963931030&qH=28388ea49f54c5b8
"vivo T2x 5G (Marine Blue, 128 GB)",11999,,https://www.flipkart.com/vivo-t2x-5g-marine-blue-128-gb/p/itmcb8f0f6a85d5d?pid=MOBGZBFUPTU7DNCA&lid=LSTMOBGZBFUPTU7DNCALOZWX1&marketplace=FLIPKART&q=phones&store=tyy%2F4io&srno=s_1_9&otracker=search&fm=organic&iid=3880bfec-6157-4e5c-a93c-a5274266ab63.MOBGZBFUPTU7DNCA.SEARCH&ppt=None&ppn=None&ssid=pdatwo5n740000001704963931030&qH=28388ea49f54c5b8
"vivo T2x 5G (Aurora Gold, 128 GB)",11999,V2253|V2312,https://www.flipkart.com/vivo-t2x-5g-aurora-gold-128-gb/p/itmcb8f0f6a85d5d?pid=MOBGZBFUQMTHYHSH&lid=LSTMOBGZBFUQMTHYHSHQ0KBA5&marketplace=FLIPKART&q=phones&store=tyy%2F4io&srno=s_1_10&otracker=search&fm=organic&iid=3880bfec-6157-4e5c-a93c-a5274266ab63.MOBGZBFUQMTHYHSH.SEARCH&ppt=None&ppn=None&ssid=pdatwo5n740000001704963931030&qH=28388ea49f54c5b8
"POCO C51 (Royal Blue, 64 GB)",5799,MZB0DXKIN,https://www.flipkart.com/poco-c51-royal-blue-64-gb/p/itm1e4e8373537a7?pid=MOBGZCQFCWNDK89P&lid=LSTMOBGZCQFCWNDK89POEPN6S&marketplace=FLIPKART&q=phones&store=tyy%2F4io&srno=s_1_11&otracker=search&fm=organic&iid=3880bfec-6157-4e5c-a93c-a5274266ab63.MOBGZCQFCWNDK89P.SEARCH&ppt=None&ppn=None&ssid=pdatwo5n740000001704963931030&qH=28388ea49f54c5b8
"vivo T2x 5G (Glimmer Black, 128 GB)",14999,V2253|V2312,https://www.flipkart.com/vivo-t2x-5g-glimmer-black-128-gb/p/itmcb8f0f6a85d5d?pid=MOBGZBFUZEMCKRGE&lid=LSTMOBGZBFUZEMCKRGEW3VLBC&marketplace=FLIPKART&q=phones&store=tyy%2F4io&srno=s_1_12&otracker=search&fm=organic&iid=3880bfec-6157-4e5c-a93c-a5274266ab63.MOBGZBFUZEMCKRGE.SEARCH&ppt=None&ppn=None&ssid=pdatwo5n740000001704963931030&qH=28388ea49f54c5b8
"POCO C55 (Forest Green, 64 GB)",6499,MZB0DDRIN,https://www.flipkart.com/poco-c55-forest-green-64-gb/p/itm8b99ef9bd674c?pid=MOBGMXSWFYZYWKTD&lid=LSTMOBGMXSWFYZYWKTDWKED3U&marketplace=FLIPKART&q=phones&store=tyy%2F4io&srno=s_1_13&otracker=search&fm=organic&iid=3880bfec-6157-4e5c-a93c-a5274266ab63.MOBGMXSWFYZYWKTD.SEARCH&ppt=None&ppn=None&ssid=pdatwo5n740000001704963931030&qH=28388ea49f54c5b8
"MOTOROLA g54 5G (Midnight Blue, 128 GB)",14999,PAYW0002IN,https://www.flipkart.com/motorola-g54-5g-midnight-blue-128-gb/p/itm1867d5933e9e8?pid=MOBGQFX8P4HFEUCD&lid=LSTMOBGQFX8P4HFEUCDNGAP9K&marketplace=FLIPKART&q=phones&store=tyy%2F4io&srno=s_1_14&otracker=search&fm=organic&iid=3880bfec-6157-4e5c-a93c-a5274266ab63.MOBGQFX8P4HFEUCD.SEARCH&ppt=None&ppn=None&ssid=pdatwo5n740000001704963931030&qH=28388ea49f54c5b8
"MOTOROLA g54 5G (Mint Green, 128 GB)",14999,PAYW0003IN,https://www.flipkart.com/motorola-g54-5g-mint-green-128-gb/p/itmfc12683043bbc?pid=MOBGQFX8Z3ZCDZZ7&lid=LSTMOBGQFX8Z3ZCDZZ7IWKPTX&marketplace=FLIPKART&q=phones&store=tyy%2F4io&srno=s_1_15&otracker=search&fm=organic&iid=3880bfec-6157-4e5c-a93c-a5274266ab63.MOBGQFX8Z3ZCDZZ7.SEARCH&ppt=None&ppn=None&ssid=pdatwo5n740000001704963931030&qH=28388ea49f54c5b8
"MOTOROLA g54 5G (Pearl Blue, 256 GB)",16999,PAYW0008IN,https://www.flipkart.com/motorola-g54-5g-pearl-blue-256-gb/p/itmb97dc7f2e0a90?pid=MOBGQFX8EGYZCSGY&lid=LSTMOBGQFX8EGYZCSGYXG8CIY&marketplace=FLIPKART&q=phones&store=tyy%2F4io&srno=s_1_16&otracker=search&fm=organic&iid=3880bfec-6157-4e5c-a93c-a5274266ab63.MOBGQFX8EGYZCSGY.SEARCH&ppt=None&ppn=None&ssid=pdatwo5n740000001704963931030&qH=28388ea49f54c5b8
"APPLE iPhone 15 (Blue, 128 GB)",74999,MTP43HN/A,https://www.flipkart.com/apple-iphone-15-blue-128-gb/p/itmbf14ef54f645d?pid=MOBGTAGPAQNVFZZY&lid=LSTMOBGTAGPAQNVFZZYSCIIOB&marketplace=FLIPKART&q=phones&store=tyy%2F4io&srno=s_1_17&otracker=search&fm=organic&iid=3880bfec-6157-4e5c-a93c-a5274266ab63.MOBGTAGPAQNVFZZY.SEARCH&ppt=None&ppn=None&ssid=pdatwo5n740000001704963931030&qH=28388ea49f54c5b8
"MOTOROLA Edge 40 Neo (Soothing Sea, 128 GB)",22999,PAYJ0001IN,https://www.flipkart.com/motorola-edge-40-neo-soothing-sea-128-gb/p/itmcfb87467e7d9a?pid=MOBGQFX6AG2JD2XT&lid=LSTMOBGQFX6AG2JD2XTSPSYR7&marketplace=FLIPKART&q=phones&store=tyy%2F4io&srno=s_1_18&otracker=search&fm=organic&iid=3880bfec-6157-4e5c-a93c-a5274266ab63.MOBGQFX6AG2JD2XT.SEARCH&ppt=None&ppn=None&ssid=pdatwo5n740000001704963931030&qH=28388ea49f54c5b8
"POCO C51 - Locked with Airtel Prepaid (Royal Blue, 64 GB)",5499,MZB0EVCIN,https://www.flipkart.com/poco-c51-locked-airtel-prepaid-royal-blue-64-gb/p/itm795e693024fbb?pid=MOBGQTDP5DGSNS7Q&lid=LSTMOBGQTDP5DGSNS7QYVHTJC&marketplace=FLIPKART&q=phones&store=tyy%2F4io&srno=s_1_19&otracker=search&fm=organic&iid=3880bfec-6157-4e5c-a93c-a5274266ab63.MOBGQTDP5DGSNS7Q.SEARCH&ppt=None&ppn=None&ssid=pdatwo5n740000001704963931030&qH=28388ea49f54c5b8
"POCO C55 (Cool Blue, 128 GB)",7499,MZB0DDTIN,https://www.flipkart.com/poco-c55-cool-blue-128-gb/p/itm26aca9fd143ba?pid=MOBGMXSWJHRVUWFE&lid=LSTMOBGMXSWJHRVUWFESKZGEW&marketplace=FLIPKART&q=phones&store=tyy%2F4io&srno=s_1_20&otracker=search&fm=organic&iid=3880bfec-6157-4e5c-a93c-a5274266ab63.MOBGMXSWJHRVUWFE.SEARCH&ppt=None&ppn=None&ssid=pdatwo5n740000001704963931030&qH=28388ea49f54c5b8
"POCO M6 5G (Orion Blue, 128 GB)",10499,MZB0G4CIN,https://www.flipkart.com/poco-m6-5g-orion-blue-128-gb/p/itm1227ec8698a77?pid=MOBGW9FEDGZ3GAKT&lid=LSTMOBGW9FEDGZ3GAKTOKMUXN&marketplace=FLIPKART&q=phones&store=tyy%2F4io&srno=s_1_21&otracker=search&fm=organic&iid=3880bfec-6157-4e5c-a93c-a5274266ab63.MOBGW9FEDGZ3GAKT.SEARCH&ppt=None&ppn=None&ssid=pdatwo5n740000001704963931030&qH=28388ea49f54c5b8
"APPLE iPhone 14 (Midnight, 256 GB)",68999,,https://www.flipkart.com/apple-iphone-14-midnight-256-gb/p/itmdb32e3c997112?pid=MOBGHWFH4H3MMRAA&lid=LSTMOBGHWFH4H3MMRAAQSJTKY&marketplace=FLIPKART&q=phones&store=tyy%2F4io&srno=s_1_22&otracker=search&fm=organic&iid=3880bfec-6157-4e5c-a93c-a5274266ab63.MOBGHWFH4H3MMRAA.SEARCH&ppt=None&ppn=None&ssid=pdatwo5n740000001704963931030&qH=28388ea49f54c5b8
"POCO C51 (Power Black, 64 GB)",5799,MZB0E6DIN,https://www.flipkart.com/poco-c51-power-black-64-gb/p/itm62bcd2634619e?pid=MOBGZCQFWM5HZHXX&lid=LSTMOBGZCQFWM5HZHXXVV2MKC&marketplace=FLIPKART&q=phones&store=tyy%2F4io&srno=s_1_23&otracker=search&fm=organic&iid=3880bfec-6157-4e5c-a93c-a5274266ab63.MOBGZCQFWM5HZHXX.SEARCH&ppt=None&ppn=None&ssid=pdatwo5n740000001704963931030&qH=28388ea49f54c5b8
"Infinix SMART 8 HD (Shiny Gold, 64 GB)",6299,,https://www.flipkart.com/infinix-smart-8-hd-shiny-gold-64-gb/p/itm709d885ba6ac1?pid=MOBGVAPXG4WHFR9M&lid=LSTMOBGVAPXG4WHFR9MJIYCWG&marketplace=FLIPKART&q=phones&store=tyy%2F4io&srno=s_1_24&otracker=search&fm=organic&iid=3880bfec-6157-4e5c-a93c-a5274266ab63.MOBGVAPXG4WHFR9M.SEARCH&ppt=None&ppn=None&ssid=pdatwo5n740000001704963931030&qH=28388ea49f54c5b8
"Infinix SMART 8 HD (Timber Black, 64 GB)",6299,X6525,https://www.flipkart.com/infinix-smart-8-hd-timber-black-64-gb/p/itm709d885ba6ac1?pid=MOBGVAPX8EG26HZW&lid=LSTMOBGVAPX8EG26HZW7NAQCU&marketplace=FLIPKART&q=phones&store=tyy%2F4io&srno=s_2_25&otracker=search&fm=organic&iid=e44b4591-a5a4-4265-80cb-c1e2bcb74313.MOBGVAPX8EG26HZW.SEARCH&ppt=None&ppn=None&ssid=8minyf72000000001704963963151&qH=28388ea49f54c5b8
"MOTOROLA G32 (Mineral Gray, 128 GB)",10999,PAUU0031IN,https://www.flipkart.com/motorola-g32-mineral-gray-128-gb/p/itm6061450cb40ac?pid=MOBGM2EHJUTMXMFV&lid=LSTMOBGM2EHJUTMXMFVL5MPKC&marketplace=FLIPKART&q=phones&store=tyy%2F4io&srno=s_2_26&otracker=search&fm=organic&iid=e44b4591-a5a4-4265-80cb-c1e2bcb74313.MOBGM2EHJUTMXMFV.SEARCH&ppt=None&ppn=None&ssid=8minyf72000000001704963963151&qH=28388ea49f54c5b8
"Infinix SMART 8 HD (Crystal Green, 64 GB)",6299,X6525,https://www.flipkart.com/infinix-smart-8-hd-crystal-green-64-gb/p/itm709d885ba6ac1?pid=MOBGVAPXGPFUDHYK&lid=LSTMOBGVAPXGPFUDHYKXUDYPL&marketplace=FLIPKART&q=phones&store=tyy%2F4io&srno=s_2_27&otracker=search&fm=organic&iid=e44b4591-a5a4-4265-80cb-c1e2bcb74313.MOBGVAPXGPFUDHYK.SEARCH&ppt=None&ppn=None&ssid=8minyf72000000001704963963151&qH=28388ea49f54c5b8
"MOTOROLA Edge 40 Neo (Soothing Sea, 256 GB)",24999,PAYJ0004IN,https://www.flipkart.com/motorola-edge-40-neo-soothing-sea-256-gb/p/itm5bd7da24f41ef?pid=MOBGQFX6H2H2UHFZ&lid=LSTMOBGQFX6H2H2UHFZTTEXAM&marketplace=FLIPKART&q=phones&store=tyy%2F4io&srno=s_2_28&otracker=search&fm=organic&iid=e44b4591-a5a4-4265-80cb-c1e2bcb74313.MOBGQFX6H2H2UHFZ.SEARCH&ppt=None&ppn=None&ssid=8minyf72000000001704963963151&qH=28388ea49f54c5b8
"MOTOROLA e13 (Aurora Green, 64 GB)",6999,PAXT0017IN|PAXT0063IN,https://www.flipkart.com/motorola-e13-aurora-green-64-gb/p/itmb52d8f826cd9a?pid=MOBGKHNBA55HDSZR&lid=LSTMOBGKHNBA55HDSZRHOAFME&marketplace=FLIPKART&q=phones&store=tyy%2F4io&srno=s_2_29&otracker=search&fm=organic&iid=e44b4591-a5a4-4265-80cb-c1e2bcb74313.MOBGKHNBA55HDSZR.SEARCH&ppt=None&ppn=None&ssid=8minyf72000000001704963963151&qH=28388ea49f54c5b8
"vivo T2 Pro 5G (Dune Gold, 128 GB)",23999,V2321,https://www.flipkart.com/vivo-t2-pro-5g-dune-gold-128-gb/p/itm1230688cdef18?pid=MOBGT4RZCFZWHGKT&lid=LSTMOBGT4RZCFZWHGKTC6OIFL&marketplace=FLIPKART&q=phones&store=tyy%2F4io&srno=s_2_30&otracker=search&fm=organic&iid=e44b4591-a5a4-4265-80cb-c1e2bcb74313.MOBGT4RZCFZWHGKT.SEARCH&ppt=None&ppn=None&ssid=8minyf72000000001704963963151&qH=28388ea49f54c5b8
"MOTOROLA g54 5G (Mint Green, 256 GB)",16999,,https://www.flipkart.com/motorola-g54-5g-mint-green-256-gb/p/itm9f608c1154160?pid=MOBGQFX8XGUATGRT&lid=LSTMOBGQFX8XGUATGRTUMNQ7U&marketplace=FLIPKART&q=phones&store=tyy%2F4io&srno=s_2_31&otracker=search&fm=organic&iid=e44b4591-a5a4-4265-80cb-c1e2bcb74313.MOBGQFX8XGUATGRT.SEARCH&ppt=None&ppn=None&ssid=8minyf72000000001704963963151&qH=28388ea49f54c5b8
"OnePlus Nord CE 3 Lite 5G (Pastel Lime, 256 GB)",21285,CPH2467,https://www.flipkart.com/oneplus-nord-ce-3-lite-5g-pastel-lime-256-gb/p/itm2cd5a4e659035?pid=MOBGZJ3ZFQ8AKKRS&lid=LSTMOBGZJ3ZFQ8AKKRS5BKTBN&marketplace=FLIPKART&q=phones&store=tyy%2F4io&srno=s_2_32&otracker=search&fm=organic&iid=e44b4591-a5a4-4265-80cb-c1e2bcb74313.MOBGZJ3ZFQ8AKKRS.SEARCH&ppt=None&ppn=None&ssid=8minyf72000000001704963963151&qH=28388ea49f54c5b8
"vivo T2 Pro 5G (New Moon Black, 256 GB)",24999,V2321,https://www.flipkart.com/vivo-t2-pro-5g-new-moon-black-256-gb/p/itm1230688cdef18?pid=MOBGT4RZMZFEWDY7&lid=LSTMOBGT4RZMZFEWDY7EEVQUQ&marketplace=FLIPKART&q=phones&store=tyy%2F4io&srno=s_2_33&otracker=search&fm=organic&iid=e44b4591-a5a4-4265-80cb-c1e2bcb74313.MOBGT4RZMZFEWDY7.SEARCH&ppt=None&ppn=None&ssid=8minyf72000000001704963963151&qH=28388ea49f54c5b8
"vivo T2 Pro 5G (Dune Gold, 256 GB)",24999,V2321,https://www.flipkart.com/vivo-t2-pro-5g-dune-gold-256-gb/p/itm1230688cdef18?pid=MOBGT4RZUPKD8HDK&lid=LSTMOBGT4RZUPKD8HDK4QMUBF&marketplace=FLIPKART&q=phones&store=tyy%2F4io&srno=s_2_34&otracker=search&fm=organic&iid=e44b4591-a5a4-4265-80cb-c1e2bcb74313.MOBGT4RZUPKD8HDK.SEARCH&ppt=None&ppn=None&ssid=8minyf72000000001704963963151&qH=28388ea49f54c5b8
"APPLE iPhone 15 Plus (Black, 128 GB)",82990,MU0Y3HN/A,https://www.flipkart.com/apple-iphone-15-plus-black-128-gb/p/itme3a53984760fb?pid=MOBGTAGPNRQA7CS3&lid=LSTMOBGTAGPNRQA7CS3L7XK7L&marketplace=FLIPKART&q=phones&store=tyy%2F4io&srno=s_2_35&otracker=search&fm=organic&iid=e44b4591-a5a4-4265-80cb-c1e2bcb74313.MOBGTAGPNRQA7CS3.SEARCH&ppt=None&ppn=None&ssid=8minyf72000000001704963963151&qH=28388ea49f54c5b8
"OnePlus Nord CE 2 Lite 5G (Blue Tide, 128 GB)",18599,CPH2381,https://www.flipkart.com/oneplus-nord-ce-2-lite-5g-blue-tide-128-gb/p/itm7acae55b999e6?pid=MOBGMFREBAHZQGY9&lid=LSTMOBGMFREBAHZQGY9QI18PF&marketplace=FLIPKART&q=phones&store=tyy%2F4io&srno=s_2_36&otracker=search&fm=organic&iid=e44b4591-a5a4-4265-80cb-c1e2bcb74313.MOBGMFREBAHZQGY9.SEARCH&ppt=None&ppn=None&ssid=8minyf72000000001704963963151&qH=28388ea49f54c5b8
"POCO M6 Pro 5G (Power Black, 128 GB)",11999,MZB0EPSIN,https://www.flipkart.com/poco-m6-pro-5g-power-black-128-gb/p/itmef8fa46f89738?pid=MOBGRNZ3ER4N3K4F&lid=LSTMOBGRNZ3ER4N3K4FIYYGCU&marketplace=FLIPKART&q=phones&store=tyy%2F4io&srno=s_2_37&otracker=search&fm=organic&iid=e44b4591-a5a4-4265-80cb-c1e2bcb74313.MOBGRNZ3ER4N3K4F.SEARCH&ppt=None&ppn=None&ssid=8minyf72000000001704963963151&qH=28388ea49f54c5b8
"REDMI 12 (Pastel Blue, 128 GB)",10499,MZB0EQMIN,https://www.flipkart.com/redmi-12-pastel-blue-128-gb/p/itm9b1a6640faccd?pid=MOBGRMFKAHNTZPWE&lid=LSTMOBGRMFKAHNTZPWE2VVOSK&marketplace=FLIPKART&q=phones&store=tyy%2F4io&srno=s_2_38&otracker=search&fm=organic&iid=e44b4591-a5a4-4265-80cb-c1e2bcb74313.MOBGRMFKAHNTZPWE.SEARCH&ppt=None&ppn=None&ssid=8minyf72000000001704963963151&qH=28388ea49f54c5b8
"POCO M6 5G (Galactic Black, 128 GB)",10499,MZB0FQTIN,https://www.flipkart.com/poco-m6-5g-galactic-black-128-gb/p/itmd464653b7b5c9?pid=MOBGW9FEHEYNW7ZR&lid=LSTMOBGW9FEHEYNW7ZRAFXOX8&marketplace=FLIPKART&q=phones&store=tyy%2F4io&srno=s_2_39&otracker=search&fm=organic&iid=e44b4591-a5a4-4265-80cb-c1e2bcb74313.MOBGW9FEHEYNW7ZR.SEARCH&ppt=None&ppn=None&ssid=8minyf72000000001704963963151&qH=28388ea49f54c5b8
"OnePlus Nord CE 3 Lite 5G (Chromatic Gray, 128 GB)",19433,CPH2467,https://www.flipkart.com/oneplus-nord-ce-3-lite-5g-chromatic-gray-128-gb/p/itm2cd5a4e659035?pid=MOBGQR6JSKZRFKUD&lid=LSTMOBGQR6JSKZRFKUDH0C0OX&marketplace=FLIPKART&q=phones&store=tyy%2F4io&srno=s_2_40&otracker=search&fm=organic&iid=e44b4591-a5a4-4265-80cb-c1e2bcb74313.MOBGQR6JSKZRFKUD.SEARCH&ppt=None&ppn=None&ssid=8minyf72000000001704963963151&qH=28388ea49f54c5b8
"POCO C55 (Power Black, 64 GB)",6499,MZB0DDLIN,https://www.flipkart.com/poco-c55-power-black-64-gb/p/itme567bcd596fe9?pid=MOBGMXSW9PHJVQCA&lid=LSTMOBGMXSW9PHJVQCALTZQ3D&marketplace=FLIPKART&q=phones&store=tyy%2F4io&srno=s_2_41&otracker=search&fm=organic&iid=e44b4591-a5a4-4265-80cb-c1e2bcb74313.MOBGMXSW9PHJVQCA.SEARCH&ppt=None&ppn=None&ssid=8minyf72000000001704963963151&qH=28388ea49f54c5b8
"OnePlus Nord CE 3 Lite 5G (Chromatic Gray, 128 GB)",19470,CPH2467,https://www.flipkart.com/oneplus-nord-ce-3-lite-5g-chromatic-gray-128-gb/p/itm2cd5a4e659035?pid=MOBGZJ42KHUZZKMN&lid=LSTMOBGZJ42KHUZZKMNE2WBU5&marketplace=FLIPKART&q=phones&store=tyy%2F4io&srno=s_2_42&otracker=search&fm=organic&iid=e44b4591-a5a4-4265-80cb-c1e2bcb74313.MOBGZJ42KHUZZKMN.SEARCH&ppt=None&ppn=None&ssid=8minyf72000000001704963963151&qH=28388ea49f54c5b8
"OnePlus Nord CE 3 Lite 5G (Pastel Lime, 128 GB)",19285,,https://www.flipkart.com/oneplus-nord-ce-3-lite-5g-pastel-lime-128-gb/p/itm2cd5a4e659035?pid=MOBGZJ3WM5SGTGVZ&lid=LSTMOBGZJ3WM5SGTGVZIOJLVZ&marketplace=FLIPKART&q=phones&store=tyy%2F4io&srno=s_2_43&otracker=search&fm=organic&iid=e44b4591-a5a4-4265-80cb-c1e2bcb74313.MOBGZJ3WM5SGTGVZ.SEARCH&ppt=None&ppn=None&ssid=8minyf72000000001704963963151&qH=28388ea49f54c5b8
"vivo T2 Pro 5G (New Moon Black, 128 GB)",23999,V2321,https://www.flipkart.com/vivo-t2-pro-5g-new-moon-black-128-gb/p/itm1230688cdef18?pid=MOBGT4RZRRET8QQS&lid=LSTMOBGT4RZRRET8QQSIULEMX&marketplace=FLIPKART&q=phones&store=tyy%2F4io&srno=s_2_44&otracker=search&fm=organic&iid=e44b4591-a5a4-4265-80cb-c1e2bcb74313.MOBGT4RZRRET8QQS.SEARCH&ppt=None&ppn=None&ssid=8minyf72000000001704963963151&qH=28388ea49f54c5b8
"APPLE iPhone 15 (Green, 128 GB)",74999,MTP53HN/A,https://www.flipkart.com/apple-iphone-15-green-128-gb/p/itm235cd318bde73?pid=MOBGTAGPYYWZRUJX&lid=LSTMOBGTAGPYYWZRUJXXIP6YM&marketplace=FLIPKART&q=phones&store=tyy%2F4io&srno=s_2_45&otracker=search&fm=organic&iid=e44b4591-a5a4-4265-80cb-c1e2bcb74313.MOBGTAGPYYWZRUJX.SEARCH&ppt=None&ppn=None&ssid=8minyf72000000001704963963151&qH=28388ea49f54c5b8
"APPLE iPhone 15 (Pink, 128 GB)",74999,MTP13HN/A,https://www.flipkart.com/apple-iphone-15-pink-128-gb/p/itm7579ed94ca647?pid=MOBGTAGPNMZA5PU5&lid=LSTMOBGTAGPNMZA5PU5O32WJC&marketplace=FLIPKART&q=phones&store=tyy%2F4io&srno=s_2_46&otracker=search&fm=organic&iid=e44b4591-a5a4-4265-80cb-c1e2bcb74313.MOBGTAGPNMZA5PU5.SEARCH&ppt=None&ppn=None&ssid=8minyf72000000001704963963151&qH=28388ea49f54c5b8
"realme 11x 5G (Midnight Black, 128 GB)",14999,RMX3785,https://www.flipkart.com/realme-11x-5g-midnight-black-128-gb/p/itm07be1a2ff1a1b?pid=MOBGS2WFP7X8263G&lid=LSTMOBGS2WFP7X8263G7TE3WT&marketplace=FLIPKART&q=phones&store=tyy%2F4io&srno=s_2_47&otracker=search&fm=organic&iid=e44b4591-a5a4-4265-80cb-c1e2bcb74313.MOBGS2WFP7X8263G.SEARCH&ppt=None&ppn=None&ssid=8minyf72000000001704963963151&qH=28388ea49f54c5b8
"Nokia 105 Single SIM, Keypad Mobile Phone with Wireless FM Radio",1269,TA-1575 SS,https://www.flipkart.com/nokia-105-single-sim-keypad-mobile-phone-wireless-fm-radio/p/itm1e2206f816463?pid=MOBGQFVG6MXANY2Q&lid=LSTMOBGQFVG6MXANY2QAZSY9G&marketplace=FLIPKART&q=phones&store=tyy%2F4io&srno=s_2_48&otracker=search&fm=organic&iid=e44b4591-a5a4-4265-80cb-c1e2bcb74313.MOBGQFVG6MXANY2Q.SEARCH&ppt=None&ppn=None&ssid=8minyf72000000001704963963151&qH=28388ea49f54c5b8
"Nokia 105 Single SIM, Keypad Mobile Phone with Wireless FM Radio",1269,TA-1575 SS,https://www.flipkart.com/nokia-105-single-sim-keypad-mobile-phone-wireless-fm-radio/p/itm1e2206f816463?pid=MOBGQFVGYU2F5CYT&lid=LSTMOBGQFVGYU2F5CYTFHC23M&marketplace=FLIPKART&q=phones&store=tyy%2F4io&srno=s_3_49&otracker=search&fm=organic&iid=6bdf4189-a12e-4c99-9818-d9bbb3d8920e.MOBGQFVGYU2F5CYT.SEARCH&ppt=None&ppn=None&ssid=3jhjpi3ij40000001704963993801&qH=28388ea49f54c5b8
"Nokia 105 Single SIM, Keypad Mobile Phone with Wireless FM Radio",1269,TA-1575 SS,https://www.flipkart.com/nokia-105-single-sim-keypad-mobile-phone-wireless-fm-radio/p/itm1e2206f816463?pid=MOBGQFVG9WPRN3TH&lid=LSTMOBGQFVG9WPRN3THKP7BSM&marketplace=FLIPKART&q=phones&store=tyy%2F4io&srno=s_3_50&otracker=search&fm=organic&iid=6bdf4189-a12e-4c99-9818-d9bbb3d8920e.MOBGQFVG9WPRN3TH.SEARCH&ppt=None&ppn=None&ssid=3jhjpi3ij40000001704963993801&qH=28388ea49f54c5b8
"APPLE iPhone 14 (Blue, 128 GB)",59999,MPVN3HN/A,https://www.flipkart.com/apple-iphone-14-blue-128-gb/p/itmdb77f40da6b6d?pid=MOBGHWFHSV7GUFWA&lid=LSTMOBGHWFHSV7GUFWAFEQJQ4&marketplace=FLIPKART&q=phones&store=tyy%2F4io&srno=s_3_51&otracker=search&fm=organic&iid=6bdf4189-a12e-4c99-9818-d9bbb3d8920e.MOBGHWFHSV7GUFWA.SEARCH&ppt=None&ppn=None&ssid=3jhjpi3ij40000001704963993801&qH=28388ea49f54c5b8
"REDMI A2 (Sea Green, 64 GB)",5499,23028RN4DI|MZB0ERQIN,https://www.flipkart.com/redmi-a2-sea-green-64-gb/p/itm5ac4b1d081b30?pid=MOBGRHB7GUUZG3QH&lid=LSTMOBGRHB7GUUZG3QHDSUSUY&marketplace=FLIPKART&q=phones&store=tyy%2F4io&srno=s_3_52&otracker=search&fm=organic&iid=6bdf4189-a12e-4c99-9818-d9bbb3d8920e.MOBGRHB7GUUZG3QH.SEARCH&ppt=None&ppn=None&ssid=3jhjpi3ij40000001704963993801&qH=28388ea49f54c5b8
"APPLE iPhone 15 Plus (Pink, 128 GB)",82990,MU103HN/A,https://www.flipkart.com/apple-iphone-15-plus-pink-128-gb/p/itmecb6209a78172?pid=MOBGTAGPXUWEXXWY&lid=LSTMOBGTAGPXUWEXXWYKVXCUT&marketplace=FLIPKART&q=phones&store=tyy%2F4io&srno=s_3_53&otracker=search&fm=organic&iid=6bdf4189-a12e-4c99-9818-d9bbb3d8920e.MOBGTAGPXUWEXXWY.SEARCH&ppt=None&ppn=None&ssid=3jhjpi3ij40000001704963993801&qH=28388ea49f54c5b8
"realme 11x 5G (Purple Dawn, 128 GB)",15999,RMX3785,https://www.flipkart.com/realme-11x-5g-purple-dawn-128-gb/p/itm07be1a2ff1a1b?pid=MOBGS2W3YT99HRJ4&lid=LSTMOBGS2W3YT99HRJ4VRKJQ9&marketplace=FLIPKART&q=phones&store=tyy%2F4io&srno=s_3_54&otracker=search&fm=organic&iid=6bdf4189-a12e-4c99-9818-d9bbb3d8920e.MOBGS2W3YT99HRJ4.SEARCH&ppt=None&ppn=None&ssid=3jhjpi3ij40000001704963993801&qH=28388ea49f54c5b8
"REDMI 12 (Jade Black, 128 GB)",10499,MZB0EI1IN,https://www.flipkart.com/redmi-12-jade-black-128-gb/p/itmb7050ec01c09f?pid=MOBGRMFKTHKQSJEG&lid=LSTMOBGRMFKTHKQSJEGQK3FM2&marketplace=FLIPKART&q=phones&store=tyy%2F4io&srno=s_3_55&otracker=search&fm=organic&iid=6bdf4189-a12e-4c99-9818-d9bbb3d8920e.MOBGRMFKTHKQSJEG.SEARCH&ppt=None&ppn=None&ssid=3jhjpi3ij40000001704963993801&qH=28388ea49f54c5b8
"realme 11x 5G (Purple Dawn, 128 GB)",14999,RMX3785,https://www.flipkart.com/realme-11x-5g-purple-dawn-128-gb/p/itm07be1a2ff1a1b?pid=MOBGS2WFBDQBD2B4&lid=LSTMOBGS2WFBDQBD2B4HUEFK5&marketplace=FLIPKART&q=phones&store=tyy%2F4io&spotlightTagId=BestsellerId_tyy%2F4io&srno=s_3_56&otracker=search&fm=organic&iid=6bdf4189-a12e-4c99-9818-d9bbb3d8920e.MOBGS2WFBDQBD2B4.SEARCH&ppt=None&ppn=None&ssid=3jhjpi3ij40000001704963993801&qH=28388ea49f54c5b8
"APPLE iPhone 13 (Green, 128 GB)",52999,MNGK3HN/A,https://www.flipkart.com/apple-iphone-13-green-128-gb/p/itm18a55937b2607?pid=MOBGC9VGSU9DWGJZ&lid=LSTMOBGC9VGSU9DWGJZUXUVYB&marketplace=FLIPKART&q=phones&store=tyy%2F4io&spotlightTagId=TrendingId_tyy%2F4io&srno=s_3_57&otracker=search&fm=organic&iid=6bdf4189-a12e-4c99-9818-d9bbb3d8920e.MOBGC9VGSU9DWGJZ.SEARCH&ppt=None&ppn=None&ssid=3jhjpi3ij40000001704963993801&qH=28388ea49f54c5b8
"APPLE iPhone 14 (Midnight, 128 GB)",59999,MPUF3HN/A,https://www.flipkart.com/apple-iphone-14-midnight-128-gb/p/itm9e6293c322a84?pid=MOBGHWFHECFVMDCX&lid=LSTMOBGHWFHECFVMDCXXRTRJG&marketplace=FLIPKART&q=phones&store=tyy%2F4io&srno=s_3_58&otracker=search&fm=organic&iid=6bdf4189-a12e-4c99-9818-d9bbb3d8920e.MOBGHWFHECFVMDCX.SEARCH&ppt=None&ppn=None&ssid=3jhjpi3ij40000001704963993801&qH=28388ea49f54c5b8
"OnePlus Nord CE 3 Lite 5G (Chromatic Gray, 256 GB)",21429,CPH2467,https://www.flipkart.com/oneplus-nord-ce-3-lite-5g-chromatic-gray-256-gb/p/itm2cd5a4e659035?pid=MOBGZJ45PS4AQ7BA&lid=LSTMOBGZJ45PS4AQ7BANM7XQU&marketplace=FLIPKART&q=phones&store=tyy%2F4io&srno=s_3_59&otracker=search&fm=organic&iid=6bdf4189-a12e-4c99-9818-d9bbb3d8920e.MOBGZJ45PS4AQ7BA.SEARCH&ppt=None&ppn=None&ssid=3jhjpi3ij40000001704963993801&qH=28388ea49f54c5b8
"POCO C55 (Forest Green, 128 GB)",7499,MZB0DDPIN,https://www.flipkart.com/poco-c55-forest-green-128-gb/p/itm7ed4c1ff2689f?pid=MOBGMXSWCYATKHYR&lid=LSTMOBGMXSWCYATKHYRKSVQMR&marketplace=FLIPKART&q=phones&store=tyy%2F4io&srno=s_3_60&otracker=search&fm=organic&iid=6bdf4189-a12e-4c99-9818-d9bbb3d8920e.MOBGMXSWCYATKHYR.SEARCH&ppt=None&ppn=None&ssid=3jhjpi3ij40000001704963993801&qH=28388ea49f54c5b8
"REDMI 12 (Moonstone Silver, 128 GB)",10499,MZB0EQLIN,https://www.flipkart.com/redmi-12-moonstone-silver-128-gb/p/itm6722b15672602?pid=MOBGRMFK4CSR7GGH&lid=LSTMOBGRMFK4CSR7GGHQLQFHC&marketplace=FLIPKART&q=phones&store=tyy%2F4io&srno=s_3_61&otracker=search&fm=organic&iid=6bdf4189-a12e-4c99-9818-d9bbb3d8920e.MOBGRMFK4CSR7GGH.SEARCH&ppt=None&ppn=None&ssid=3jhjpi3ij40000001704963993801&qH=28388ea49f54c5b8
"MOTOROLA Edge 40 Neo (Black Beauty, 128 GB)",22999,PAYJ0002IN,https://www.flipkart.com/motorola-edge-40-neo-black-beauty-128-gb/p/itm01cc46d96a79f?pid=MOBGQFX6JGTWFSGD&lid=LSTMOBGQFX6JGTWFSGDTXTCZS&marketplace=FLIPKART&q=phones&store=tyy%2F4io&srno=s_3_62&otracker=search&fm=organic&iid=6bdf4189-a12e-4c99-9818-d9bbb3d8920e.MOBGQFX6JGTWFSGD.SEARCH&ppt=None&ppn=None&ssid=3jhjpi3ij40000001704963993801&qH=28388ea49f54c5b8
"Infinix HOT 30i (Glacier Blue, 128 GB)",8299,X669C,https://www.flipkart.com/infinix-hot-30i-glacier-blue-128-gb/p/itm8b42a43b35895?pid=MOBGNPK2ZTGZBRXE&lid=LSTMOBGNPK2ZTGZBRXEAFQ5YT&marketplace=FLIPKART&q=phones&store=tyy%2F4io&srno=s_3_63&otracker=search&fm=organic&iid=6bdf4189-a12e-4c99-9818-d9bbb3d8920e.MOBGNPK2ZTGZBRXE.SEARCH&ppt=None&ppn=None&ssid=3jhjpi3ij40000001704963993801&qH=28388ea49f54c5b8
"POCO M6 Pro 5G (Power Black, 128 GB)",10999,MZB0F1EIN,https://www.flipkart.com/poco-m6-pro-5g-power-black-128-gb/p/itm5b122ff13027f?pid=MOBGRNZ3FX5XNR2T&lid=LSTMOBGRNZ3FX5XNR2TILGJYM&marketplace=FLIPKART&q=phones&store=tyy%2F4io&srno=s_3_64&otracker=search&fm=organic&iid=6bdf4189-a12e-4c99-9818-d9bbb3d8920e.MOBGRNZ3FX5XNR2T.SEARCH&ppt=None&ppn=None&ssid=3jhjpi3ij40000001704963993801&qH=28388ea49f54c5b8
"POCO M4 5G (Cool Blue, 128 GB)",10999,,https://www.flipkart.com/poco-m4-5g-cool-blue-128-gb/p/itm1603244ab4f2e?pid=MOBGDRGPUMTED5D5&lid=LSTMOBGDRGPUMTED5D5B907AY&marketplace=FLIPKART&q=phones&store=tyy%2F4io&srno=s_3_65&otracker=search&fm=organic&iid=6bdf4189-a12e-4c99-9818-d9bbb3d8920e.MOBGDRGPUMTED5D5.SEARCH&ppt=None&ppn=None&ssid=3jhjpi3ij40000001704963993801&qH=28388ea49f54c5b8
"OnePlus Nord CE 2 Lite 5G (Black Dusk, 128 GB)",17734,CPH2381/CVD,https://www.flipkart.com/oneplus-nord-ce-2-lite-5g-black-dusk-128-gb/p/itm537fc2aa73747?pid=MOBGHBZHB7YJT5HF&lid=LSTMOBGHBZHB7YJT5HFE2B7VV&marketplace=FLIPKART&q=phones&store=tyy%2F4io&srno=s_3_66&otracker=search&fm=organic&iid=6bdf4189-a12e-4c99-9818-d9bbb3d8920e.MOBGHBZHB7YJT5HF.SEARCH&ppt=None&ppn=None&ssid=3jhjpi3ij40000001704963993801&qH=28388ea49f54c5b8
"Infinix HOT 30i (Marigold, 64 GB)",7499,X669C,https://www.flipkart.com/infinix-hot-30i-marigold-64-gb/p/itm8b42a43b35895?pid=MOBGNPK2KCH77U28&lid=LSTMOBGNPK2KCH77U289VSAZE&marketplace=FLIPKART&q=phones&store=tyy%2F4io&srno=s_3_67&otracker=search&fm=organic&iid=6bdf4189-a12e-4c99-9818-d9bbb3d8920e.MOBGNPK2KCH77U28.SEARCH&ppt=None&ppn=None&ssid=3jhjpi3ij40000001704963993801&qH=28388ea49f54c5b8
"APPLE iPhone 14 (Starlight, 128 GB)",59999,MPUR3HN/A,https://www.flipkart.com/apple-iphone-14-starlight-128-gb/p/itm3485a56f6e676?pid=MOBGHWFHABH3G73H&lid=LSTMOBGHWFHABH3G73HCNASCL&marketplace=FLIPKART&q=phones&store=tyy%2F4io&srno=s_3_68&otracker=search&fm=organic&iid=6bdf4189-a12e-4c99-9818-d9bbb3d8920e.MOBGHWFHABH3G73H.SEARCH&ppt=None&ppn=None&ssid=3jhjpi3ij40000001704963993801&qH=28388ea49f54c5b8
"Infinix HOT 30i (Glacier Blue, 64 GB)",7499,,https://www.flipkart.com/infinix-hot-30i-glacier-blue-64-gb/p/itm8b42a43b35895?pid=MOBGNPK2BBNPWJYR&lid=LSTMOBGNPK2BBNPWJYRIQDVWM&marketplace=FLIPKART&q=phones&store=tyy%2F4io&srno=s_3_69&otracker=search&fm=organic&iid=6bdf4189-a12e-4c99-9818-d9bbb3d8920e.MOBGNPK2BBNPWJYR.SEARCH&ppt=None&ppn=None&ssid=3jhjpi3ij40000001704963993801&qH=28388ea49f54c5b8
"MOTOROLA Edge 40 Neo (Caneel Bay, 128 GB)",22999,PAYJ0000IN,https://www.flipkart.com/motorola-edge-40-neo-caneel-bay-128-gb/p/itm122f351a3a2a3?pid=MOBGQFX6K7YQJRSY&lid=LSTMOBGQFX6K7YQJRSY6BK1PK&marketplace=FLIPKART&q=phones&store=tyy%2F4io&srno=s_3_70&otracker=search&fm=organic&iid=6bdf4189-a12e-4c99-9818-d9bbb3d8920e.MOBGQFX6K7YQJRSY.SEARCH&ppt=None&ppn=None&ssid=3jhjpi3ij40000001704963993801&qH=28388ea49f54c5b8
"MOTOROLA e13 (Cosmic Black, 64 GB)",6999,PAXT0016IN|PAXT0062IN,https://www.flipkart.com/motorola-e13-cosmic-black-64-gb/p/itm2cd6a5ea435eb?pid=MOBGKHNBBMSUE94W&lid=LSTMOBGKHNBBMSUE94WYZAYPS&marketplace=FLIPKART&q=phones&store=tyy%2F4io&srno=s_3_71&otracker=search&fm=organic&iid=6bdf4189-a12e-4c99-9818-d9bbb3d8920e.MOBGKHNBBMSUE94W.SEARCH&ppt=None&ppn=None&ssid=3jhjpi3ij40000001704963993801&qH=28388ea49f54c5b8
"Infinix HOT 30i (Mirror Black, 128 GB)",8299,,https://www.flipkart.com/infinix-hot-30i-mirror-black-128-gb/p/itm8b42a43b35895?pid=MOBGNPK2U9WQFJZX&lid=LSTMOBGNPK2U9WQFJZXOPAJY7&marketplace=FLIPKART&q=phones&store=tyy%2F4io&srno=s_3_72&otracker=search&fm=organic&iid=6bdf4189-a12e-4c99-9818-d9bbb3d8920e.MOBGNPK2U9WQFJZX.SEARCH&ppt=None&ppn=None&ssid=3jhjpi3ij40000001704963993801&qH=28388ea49f54c5b8
"Infinix HOT 30i (Marigold, 128 GB)",8299,X669C,https://www.flipkart.com/infinix-hot-30i-marigold-128-gb/p/itm8b42a43b35895?pid=MOBGNPK2GNWPUGWW&lid=LSTMOBGNPK2GNWPUGWWWTPN01&marketplace=FLIPKART&q=phones&store=tyy%2F4io&srno=s_4_73&otracker=search&fm=organic&iid=59369fce-13a3-4ace-9716-813fcf798b6b.MOBGNPK2GNWPUGWW.SEARCH&ppt=None&ppn=None&ssid=c5g83ui5kg0000001704964024675&qH=28388ea49f54c5b8
"Infinix HOT 30i (Diamond White, 128 GB)",8299,X669C,https://www.flipkart.com/infinix-hot-30i-diamond-white-128-gb/p/itm8b42a43b35895?pid=MOBGNPK29ZWFHGGD&lid=LSTMOBGNPK29ZWFHGGDKTDNDX&marketplace=FLIPKART&q=phones&store=tyy%2F4io&srno=s_4_74&otracker=search&fm=organic&iid=59369fce-13a3-4ace-9716-813fcf798b6b.MOBGNPK29ZWFHGGD.SEARCH&ppt=None&ppn=None&ssid=c5g83ui5kg0000001704964024675&qH=28388ea49f54c5b8
"REDMI A2 (Classic Black, 64 GB)",5499,23028RN4DI|MZB0ERTIN,https://www.flipkart.com/redmi-a2-classic-black-64-gb/p/itm93a82cd23ef97?pid=MOBGRHB6XAEUADQB&lid=LSTMOBGRHB6XAEUADQB6UKL5S&marketplace=FLIPKART&q=phones&store=tyy%2F4io&srno=s_4_75&otracker=search&fm=organic&iid=59369fce-13a3-4ace-9716-813fcf798b6b.MOBGRHB6XAEUADQB.SEARCH&ppt=None&ppn=None&ssid=c5g83ui5kg0000001704964024675&qH=28388ea49f54c5b8
"POCO M6 Pro 5G (Power Black, 256 GB)",13499,MZB0G54IN,https://www.flipkart.com/poco-m6-pro-5g-power-black-256-gb/p/itme40c1e1538153?pid=MOBGVGDQ5MV3HPEZ&lid=LSTMOBGVGDQ5MV3HPEZ6BAJSL&marketplace=FLIPKART&q=phones&store=tyy%2F4io&srno=s_4_76&otracker=search&fm=organic&iid=59369fce-13a3-4ace-9716-813fcf798b6b.MOBGVGDQ5MV3HPEZ.SEARCH&ppt=None&ppn=None&ssid=c5g83ui5kg0000001704964024675&qH=28388ea49f54c5b8
"POCO M5 (Icy Blue, 128 GB)",8499,MZB0CEUIN,https://www.flipkart.com/poco-m5-icy-blue-128-gb/p/itmdff67fe6f5687?pid=MOBGHMZEP9EFTVA4&lid=LSTMOBGHMZEP9EFTVA4LNLEAO&marketplace=FLIPKART&q=phones&store=tyy%2F4io&srno=s_4_77&otracker=search&fm=organic&iid=59369fce-13a3-4ace-9716-813fcf798b6b.MOBGHMZEP9EFTVA4.SEARCH&ppt=None&ppn=None&ssid=c5g83ui5kg0000001704964024675&qH=28388ea49f54c5b8
"POCO M6 5G (Orion Blue, 128 GB)",11499,MZB0G4HIN,https://www.flipkart.com/poco-m6-5g-orion-blue-128-gb/p/itmfe2d9e94498f8?pid=MOBGW9FEVTYQKK6M&lid=LSTMOBGW9FEVTYQKK6MGKMRFM&marketplace=FLIPKART&q=phones&store=tyy%2F4io&srno=s_4_78&otracker=search&fm=organic&iid=59369fce-13a3-4ace-9716-813fcf798b6b.MOBGW9FEVTYQKK6M.SEARCH&ppt=None&ppn=None&ssid=c5g83ui5kg0000001704964024675&qH=28388ea49f54c5b8
"Infinix HOT 30i (Mirror Black, 64 GB)",7499,X669C,https://www.flipkart.com/infinix-hot-30i-mirror-black-64-gb/p/itm8b42a43b35895?pid=MOBGNPK2QRUEBEHG&lid=LSTMOBGNPK2QRUEBEHGKBH4RF&marketplace=FLIPKART&q=phones&store=tyy%2F4io&srno=s_4_79&otracker=search&fm=organic&iid=59369fce-13a3-4ace-9716-813fcf798b6b.MOBGNPK2QRUEBEHG.SEARCH&ppt=None&ppn=None&ssid=c5g83ui5kg0000001704964024675&qH=28388ea49f54c5b8
"POCO X5 Pro 5G (Yellow, 128 GB)",22999,MZB0CXUIN,https://www.flipkart.com/poco-x5-pro-5g-yellow-128-gb/p/itm1b74c5f2f4391?pid=MOBGMDKQHEMYJYWC&lid=LSTMOBGMDKQHEMYJYWC5GUSD6&marketplace=FLIPKART&q=phones&store=tyy%2F4io&srno=s_4_80&otracker=search&fm=organic&iid=59369fce-13a3-4ace-9716-813fcf798b6b.MOBGMDKQHEMYJYWC.SEARCH&ppt=None&ppn=None&ssid=c5g83ui5kg0000001704964024675&qH=28388ea49f54c5b8
"POCO C55 (Power Black, 128 GB)",7499,MZB0DDKIN,https://www.flipkart.com/poco-c55-power-black-128-gb/p/itm52dfc91751293?pid=MOBGMXSWPMRNGVGW&lid=LSTMOBGMXSWPMRNGVGWJIL18S&marketplace=FLIPKART&q=phones&store=tyy%2F4io&srno=s_4_81&otracker=search&fm=organic&iid=59369fce-13a3-4ace-9716-813fcf798b6b.MOBGMXSWPMRNGVGW.SEARCH&ppt=None&ppn=None&ssid=c5g83ui5kg0000001704964024675&qH=28388ea49f54c5b8
"MOTOROLA Edge 40 (Nebula Green, 256 GB)",26999,PAY40030IN,https://www.flipkart.com/motorola-edge-40-nebula-green-256-gb/p/itmaa0bf9c327a2b?pid=MOBGKHNBTVZZU8PH&lid=LSTMOBGKHNBTVZZU8PHORDDSI&marketplace=FLIPKART&q=phones&store=tyy%2F4io&srno=s_4_82&otracker=search&fm=organic&iid=59369fce-13a3-4ace-9716-813fcf798b6b.MOBGKHNBTVZZU8PH.SEARCH&ppt=None&ppn=None&ssid=c5g83ui5kg0000001704964024675&qH=28388ea49f54c5b8
"REDMI 12C (Matte Black, 64 GB)",6999,12C|MZB0DDOIN,https://www.flipkart.com/redmi-12c-matte-black-64-gb/p/itm25f1034a0a65f?pid=MOBGZH88FRJ8GYXZ&lid=LSTMOBGZH88FRJ8GYXZHLG6GR&marketplace=FLIPKART&q=phones&store=tyy%2F4io&srno=s_4_83&otracker=search&fm=organic&iid=59369fce-13a3-4ace-9716-813fcf798b6b.MOBGZH88FRJ8GYXZ.SEARCH&ppt=None&ppn=None&ssid=c5g83ui5kg0000001704964024675&qH=28388ea49f54c5b8
"POCO M6 Pro 5G (Forest Green, 256 GB)",13499,,https://www.flipkart.com/poco-m6-pro-5g-forest-green-256-gb/p/itm5600e7d7f5ddc?pid=MOBGVGDQ5JZ9YX2G&lid=LSTMOBGVGDQ5JZ9YX2GMH9CUM&marketplace=FLIPKART&q=phones&store=tyy%2F4io&srno=s_4_84&otracker=search&fm=organic&iid=59369fce-13a3-4ace-9716-813fcf798b6b.MOBGVGDQ5JZ9YX2G.SEARCH&ppt=None&ppn=None&ssid=c5g83ui5kg0000001704964024675&qH=28388ea49f54c5b8
"realme 11x 5G (Midnight Black, 128 GB)",15999,RMX3785,https://www.flipkart.com/realme-11x-5g-midnight-black-128-gb/p/itm07be1a2ff1a1b?pid=MOBGS2W3KYRQF4GZ&lid=LSTMOBGS2W3KYRQF4GZO4BBGH&marketplace=FLIPKART&q=phones&store=tyy%2F4io&srno=s_4_85&otracker=search&fm=organic&iid=59369fce-13a3-4ace-9716-813fcf798b6b.MOBGS2W3KYRQF4GZ.SEARCH&ppt=None&ppn=None&ssid=c5g83ui5kg0000001704964024675&qH=28388ea49f54c5b8
"POCO C51 - Locked with Airtel Prepaid (Power Black, 64 GB)",5499,MZB0EVBIN,https://www.flipkart.com/poco-c51-locked-airtel-prepaid-power-black-64-gb/p/itmf84c207e77bd0?pid=MOBGQTDPRFVZQYWB&lid=LSTMOBGQTDPRFVZQYWB3MAZ2P&marketplace=FLIPKART&q=phones&store=tyy%2F4io&srno=s_4_86&otracker=search&fm=organic&iid=59369fce-13a3-4ace-9716-813fcf798b6b.MOBGQTDPRFVZQYWB.SEARCH&ppt=None&ppn=None&ssid=c5g83ui5kg0000001704964024675&qH=28388ea49f54c5b8
"REDMI A2 (Aqua Blue, 64 GB)",5499,23028RN4DI|MZB0ERSIN,https://www.flipkart.com/redmi-a2-aqua-blue-64-gb/p/itm0ee0c2925abdc?pid=MOBGR4UZWNAYKSUH&lid=LSTMOBGR4UZWNAYKSUHLM4QVV&marketplace=FLIPKART&q=phones&store=tyy%2F4io&srno=s_4_87&otracker=search&fm=organic&iid=59369fce-13a3-4ace-9716-813fcf798b6b.MOBGR4UZWNAYKSUH.SEARCH&ppt=None&ppn=None&ssid=c5g83ui5kg0000001704964024675&qH=28388ea49f54c5b8
"Infinix HOT 30i (Diamond White, 64 GB)",7499,X669C,https://www.flipkart.com/infinix-hot-30i-diamond-white-64-gb/p/itm8b42a43b35895?pid=MOBGNPK4PTXGANTP&lid=LSTMOBGNPK4PTXGANTPXFOPAU&marketplace=FLIPKART&q=phones&store=tyy%2F4io&srno=s_4_88&otracker=search&fm=organic&iid=59369fce-13a3-4ace-9716-813fcf798b6b.MOBGNPK4PTXGANTP.SEARCH&ppt=None&ppn=None&ssid=c5g83ui5kg0000001704964024675&qH=28388ea49f54c5b8
"realme C53 (Champion Gold, 64 GB)",9999,RMX3762,https://www.flipkart.com/realme-c53-champion-gold-64-gb/p/itm5df90168ecd05?pid=MOBGQY939DG9GBQ8&lid=LSTMOBGQY939DG9GBQ8AQQV4I&marketplace=FLIPKART&q=phones&store=tyy%2F4io&srno=s_4_89&otracker=search&fm=organic&iid=59369fce-13a3-4ace-9716-813fcf798b6b.MOBGQY939DG9GBQ8.SEARCH&ppt=None&ppn=None&ssid=c5g83ui5kg0000001704964024675&qH=28388ea49f54c5b8
"realme C53 (Champion Black, 128 GB)",9999,RMX3762,https://www.flipkart.com/realme-c53-champion-black-128-gb/p/itm5df90168ecd05?pid=MOBGQY9378PDVDDC&lid=LSTMOBGQY9378PDVDDC216OJI&marketplace=FLIPKART&q=phones&store=tyy%2F4io&srno=s_4_90&otracker=search&fm=organic&iid=59369fce-13a3-4ace-9716-813fcf798b6b.MOBGQY9378PDVDDC.SEARCH&ppt=None&ppn=None&ssid=c5g83ui5kg0000001704964024675&qH=28388ea49f54c5b8
"MOTOROLA G32 (Satin Silver, 128 GB)",10999,PAUU0032IN,https://www.flipkart.com/motorola-g32-satin-silver-128-gb/p/itm8e7224d29bfc6?pid=MOBGM2EHGUNGDDQR&lid=LSTMOBGM2EHGUNGDDQRKIBLDP&marketplace=FLIPKART&q=phones&store=tyy%2F4io&srno=s_4_91&otracker=search&fm=organic&iid=59369fce-13a3-4ace-9716-813fcf798b6b.MOBGM2EHGUNGDDQR.SEARCH&ppt=None&ppn=None&ssid=c5g83ui5kg0000001704964024675&qH=28388ea49f54c5b8
"POCO C55 (Cool Blue, 64 GB)",6499,MZB0DDGIN,https://www.flipkart.com/poco-c55-cool-blue-64-gb/p/itm166c52f5d5dc0?pid=MOBGMXSW55C7ZJE7&lid=LSTMOBGMXSW55C7ZJE79KIZDX&marketplace=FLIPKART&q=phones&store=tyy%2F4io&srno=s_4_92&otracker=search&fm=organic&iid=59369fce-13a3-4ace-9716-813fcf798b6b.MOBGMXSW55C7ZJE7.SEARCH&ppt=None&ppn=None&ssid=c5g83ui5kg0000001704964024675&qH=28388ea49f54c5b8
"POCO M6 Pro 5G (Forest Green, 128 GB)",11999,MZB0EQKIN,https://www.flipkart.com/poco-m6-pro-5g-forest-green-128-gb/p/itm151f47ed48eee?pid=MOBGRNZ3FZBVRYHQ&lid=LSTMOBGRNZ3FZBVRYHQLWWUJH&marketplace=FLIPKART&q=phones&store=tyy%2F4io&srno=s_4_93&otracker=search&fm=organic&iid=59369fce-13a3-4ace-9716-813fcf798b6b.MOBGRNZ3FZBVRYHQ.SEARCH&ppt=None&ppn=None&ssid=c5g83ui5kg0000001704964024675&qH=28388ea49f54c5b8
"POCO M6 Pro 5G (Forest Green, 128 GB)",10999,MZB0F1DIN,https://www.flipkart.com/poco-m6-pro-5g-forest-green-128-gb/p/itmdd5c70c99f5b2?pid=MOBGRNZ3534YGMDR&lid=LSTMOBGRNZ3534YGMDRKLKLEM&marketplace=FLIPKART&q=phones&store=tyy%2F4io&srno=s_4_94&otracker=search&fm=organic&iid=59369fce-13a3-4ace-9716-813fcf798b6b.MOBGRNZ3534YGMDR.SEARCH&ppt=None&ppn=None&ssid=c5g83ui5kg0000001704964024675&qH=28388ea49f54c5b8
"Infinix Note 30 5G (Magic Black, 128 GB)",14499,X6711,https://www.flipkart.com/infinix-note-30-5g-magic-black-128-gb/p/itm12c179f0a6281?pid=MOBGQ9HPMWYHPWY2&lid=LSTMOBGQ9HPMWYHPWY2V4EXOR&marketplace=FLIPKART&q=phones&store=tyy%2F4io&srno=s_4_95&otracker=search&fm=organic&iid=59369fce-13a3-4ace-9716-813fcf798b6b.MOBGQ9HPMWYHPWY2.SEARCH&ppt=None&ppn=None&ssid=c5g83ui5kg0000001704964024675&qH=28388ea49f54c5b8
"realme C53 (Champion Black, 64 GB)",9999,RMX3762,https://www.flipkart.com/realme-c53-champion-black-64-gb/p/itm5df90168ecd05?pid=MOBGQY93HQSAGAXG&lid=LSTMOBGQY93HQSAGAXGQLZ2WK&marketplace=FLIPKART&q=phones&store=tyy%2F4io&srno=s_4_96&otracker=search&fm=organic&iid=59369fce-13a3-4ace-9716-813fcf798b6b.MOBGQY93HQSAGAXG.SEARCH&ppt=None&ppn=None&ssid=c5g83ui5kg0000001704964024675&qH=28388ea49f54c5b8
SAMSUNG Guru Music 2,1747,,https://www.flipkart.com/samsung-guru-music-2/p/itm49eb59fe3373a?pid=MOBE9TGVE7ZBRAEN&lid=LSTMOBE9TGVE7ZBRAENR6N1NA&marketplace=FLIPKART&q=phones&store=tyy%2F4io&srno=s_6_121&otracker=search&fm=organic&iid=6f65dc9c-4231-4f75-a792-09c1b9997088.MOBE9TGVE7ZBRAEN.SEARCH&ppt=None&ppn=None&ssid=g1c7g0ilhs0000001704964062092&qH=28388ea49f54c5b8
"REDMI 12 (Pastel Blue, 128 GB)",9499,MZB0EYWIN,https://www.flipkart.com/redmi-12-pastel-blue-128-gb/p/itm48719506a7ceb?pid=MOBGRMFKKGYD9ETX&lid=LSTMOBGRMFKKGYD9ETX5KD9VL&marketplace=FLIPKART&q=phones&store=tyy%2F4io&srno=s_6_122&otracker=search&fm=organic&iid=6f65dc9c-4231-4f75-a792-09c1b9997088.MOBGRMFKKGYD9ETX.SEARCH&ppt=None&ppn=None&ssid=g1c7g0ilhs0000001704964062092&qH=28388ea49f54c5b8
"SAMSUNG Galaxy M14 5G (Icy Silver, 128 GB)",13519,SM-M146B_New,https://www.flipkart.com/samsung-galaxy-m14-5g-icy-silver-128-gb/p/itm2eed6f5a793d4?pid=MOBGRUFMS56SMB3S&lid=LSTMOBGRUFMS56SMB3SOZAVBP&marketplace=FLIPKART&q=phones&store=tyy%2F4io&srno=s_6_123&otracker=search&fm=organic&iid=6f65dc9c-4231-4f75-a792-09c1b9997088.MOBGRUFMS56SMB3S.SEARCH&ppt=None&ppn=None&ssid=g1c7g0ilhs0000001704964062092&qH=28388ea49f54c5b8
"MOTOROLA G32 (Rose Gold, 128 GB)",10999,PAUU0033IN,https://www.flipkart.com/motorola-g32-rose-gold-128-gb/p/itm7cc3e9000c2ed?pid=MOBGPYKTGVZZKMTZ&lid=LSTMOBGPYKTGVZZKMTZVGNWAJ&marketplace=FLIPKART&q=phones&store=tyy%2F4io&srno=s_6_124&otracker=search&fm=organic&iid=6f65dc9c-4231-4f75-a792-09c1b9997088.MOBGPYKTGVZZKMTZ.SEARCH&ppt=None&ppn=None&ssid=g1c7g0ilhs0000001704964062092&qH=28388ea49f54c5b8
"MOTOROLA g84 5G (Midnight Blue, 256 GB)",18999,PAYM0016IN,https://www.flipkart.com/motorola-g84-5g-midnight-blue-256-gb/p/itm30dd9d1ed8bb8?pid=MOBGQFX68CXMTSGK&lid=LSTMOBGQFX68CXMTSGK7PXRBT&marketplace=FLIPKART&q=phones&store=tyy%2F4io&srno=s_6_125&otracker=search&fm=organic&iid=6f65dc9c-4231-4f75-a792-09c1b9997088.MOBGQFX68CXMTSGK.SEARCH&ppt=None&ppn=None&ssid=g1c7g0ilhs0000001704964062092&qH=28388ea49f54c5b8
"APPLE iPhone 14 (Purple, 256 GB)",68999,MPWA3HN/A,https://www.flipkart.com/apple-iphone-14-purple-256-gb/p/itmb2bf402090fae?pid=MOBGHWFHQHE7ZPSB&lid=LSTMOBGHWFHQHE7ZPSBYPXODK&marketplace=FLIPKART&q=phones&store=tyy%2F4io&srno=s_6_126&otracker=search&fm=organic&iid=6f65dc9c-4231-4f75-a792-09c1b9997088.MOBGHWFHQHE7ZPSB.SEARCH&ppt=None&ppn=None&ssid=g1c7g0ilhs0000001704964062092&qH=28388ea49f54c5b8
"realme 11 Pro+ 5G (Sunrise Beige, 256 GB)",29999,RMX3741,https://www.flipkart.com/realme-11-pro-5g-sunrise-beige-256-gb/p/itm5647cce338e55?pid=MOBGPU8HQPGU7HVR&lid=LSTMOBGPU8HQPGU7HVRYDHQ4Y&marketplace=FLIPKART&q=phones&store=tyy%2F4io&srno=s_6_127&otracker=search&fm=organic&iid=6f65dc9c-4231-4f75-a792-09c1b9997088.MOBGPU8HQPGU7HVR.SEARCH&ppt=None&ppn=None&ssid=g1c7g0ilhs0000001704964062092&qH=28388ea49f54c5b8
"realme 11 Pro+ 5G (Oasis Green, 256 GB)",29999,RMX3741,https://www.flipkart.com/realme-11-pro-5g-oasis-green-256-gb/p/itm5647cce338e55?pid=MOBGPU8HCGG9PCER&lid=LSTMOBGPU8HCGG9PCERHGOPBG&marketplace=FLIPKART&q=phones&store=tyy%2F4io&srno=s_6_128&otracker=search&fm=organic&iid=6f65dc9c-4231-4f75-a792-09c1b9997088.MOBGPU8HCGG9PCER.SEARCH&ppt=None&ppn=None&ssid=g1c7g0ilhs0000001704964062092&qH=28388ea49f54c5b8
"POCO X5 5G (Supernova Green, 128 GB)",18999,MZB0DCQIN,https://www.flipkart.com/poco-x5-5g-supernova-green-128-gb/p/itmb4486c67956f6?pid=MOBGNBFBJ3FZHRPX&lid=LSTMOBGNBFBJ3FZHRPXJUPGUB&marketplace=FLIPKART&q=phones&store=tyy%2F4io&srno=s_6_129&otracker=search&fm=organic&iid=6f65dc9c-4231-4f75-a792-09c1b9997088.MOBGNBFBJ3FZHRPX.SEARCH&ppt=None&ppn=None&ssid=g1c7g0ilhs0000001704964062092&qH=28388ea49f54c5b8
"realme 11 5G (Glory Black, 128 GB)",16999,,https://www.flipkart.com/realme-11-5g-glory-black-128-gb/p/itm676fecfaebff9?pid=MOBGS2WFE35TZQQH&lid=LSTMOBGS2WFE35TZQQHLUQI71&marketplace=FLIPKART&q=phones&store=tyy%2F4io&srno=s_6_130&otracker=search&fm=organic&iid=6f65dc9c-4231-4f75-a792-09c1b9997088.MOBGS2WFE35TZQQH.SEARCH&ppt=None&ppn=None&ssid=g1c7g0ilhs0000001704964062092&qH=28388ea49f54c5b8
"SAMSUNG Galaxy M34 5G without charger (Prism Silver, 128 GB)",16398,,https://www.flipkart.com/samsung-galaxy-m34-5g-without-charger-prism-silver-128-gb/p/itm7cea0b8ebb561?pid=MOBGRHRHVKPAV94B&lid=LSTMOBGRHRHVKPAV94BGHQTWF&marketplace=FLIPKART&q=phones&store=tyy%2F4io&srno=s_6_131&otracker=search&fm=organic&iid=6f65dc9c-4231-4f75-a792-09c1b9997088.MOBGRHRHVKPAV94B.SEARCH&ppt=None&ppn=None&ssid=g1c7g0ilhs0000001704964062092&qH=28388ea49f54c5b8
"SAMSUNG Galaxy F14 5G (GOAT Green, 128 GB)",13490,SM-E146BZGHINS,https://www.flipkart.com/samsung-galaxy-f14-5g-goat-green-128-gb/p/itm032d1a69999cc?pid=MOBGNBFNDPGNJ7HY&lid=LSTMOBGNBFNDPGNJ7HYRCCFUH&marketplace=FLIPKART&q=phones&store=tyy%2F4io&srno=s_6_132&otracker=search&fm=organic&iid=6f65dc9c-4231-4f75-a792-09c1b9997088.MOBGNBFNDPGNJ7HY.SEARCH&ppt=None&ppn=None&ssid=g1c7g0ilhs0000001704964062092&qH=28388ea49f54c5b8
"REDMI 13c 5G (Startrail Silver, 128 GB)",11781,23124RN87I,https://www.flipkart.com/redmi-13c-5g-startrail-silver-128-gb/p/itm996fbc603ec3c?pid=MOBGW6S73JBHWZQS&lid=LSTMOBGW6S73JBHWZQSEM4OPV&marketplace=FLIPKART&q=phones&store=tyy%2F4io&srno=s_6_133&otracker=search&fm=organic&iid=6f65dc9c-4231-4f75-a792-09c1b9997088.MOBGW6S73JBHWZQS.SEARCH&ppt=None&ppn=None&ssid=g1c7g0ilhs0000001704964062092&qH=28388ea49f54c5b8
"realme C51 (Mint Green, 64 GB)",8999,RMX3830,https://www.flipkart.com/realme-c51-mint-green-64-gb/p/itm0e93bcb87927f?pid=MOBGSQGGC7NY4PXC&lid=LSTMOBGSQGGC7NY4PXCOCBP4E&marketplace=FLIPKART&q=phones&store=tyy%2F4io&srno=s_6_134&otracker=search&fm=organic&iid=6f65dc9c-4231-4f75-a792-09c1b9997088.MOBGSQGGC7NY4PXC.SEARCH&ppt=None&ppn=None&ssid=g1c7g0ilhs0000001704964062092&qH=28388ea49f54c5b8
"realme 11 Pro 5G (Astral Black, 256 GB)",27999,RMX3771,https://www.flipkart.com/realme-11-pro-5g-astral-black-256-gb/p/itm3f783627a36ec?pid=MOBGPUNGDGRHGTDW&lid=LSTMOBGPUNGDGRHGTDWGNQYBK&marketplace=FLIPKART&q=phones&store=tyy%2F4io&srno=s_6_135&otracker=search&fm=organic&iid=6f65dc9c-4231-4f75-a792-09c1b9997088.MOBGPUNGDGRHGTDW.SEARCH&ppt=None&ppn=None&ssid=g1c7g0ilhs0000001704964062092&qH=28388ea49f54c5b8
"OnePlus Nord CE 3 Lite 5G (Pastel lime, 256 GB)",21508,CPH2467,https://www.flipkart.com/oneplus-nord-ce-3-lite-5g-pastel-lime-256-gb/p/itm5ed24471bde9f?pid=MOBGPRHYH4K4ZBQQ&lid=LSTMOBGPRHYH4K4ZBQQAOMIPG&marketplace=FLIPKART&q=phones&store=tyy%2F4io&srno=s_6_136&otracker=search&fm=organic&iid=6f65dc9c-4231-4f75-a792-09c1b9997088.MOBGPRHYH4K4ZBQQ.SEARCH&ppt=None&ppn=None&ssid=g1c7g0ilhs0000001704964062092&qH=28388ea49f54c5b8
"OPPO Reno10 5G (Ice Blue, 256 GB)",32999,CPH2531,https://www.flipkart.com/oppo-reno10-5g-ice-blue-256-gb/p/itm8f29359478c6e?pid=MOBGQP3UUYGFGYKD&lid=LSTMOBGQP3UUYGFGYKDKTLXX3&marketplace=FLIPKART&q=phones&store=tyy%2F4io&srno=s_6_137&otracker=search&fm=organic&iid=6f65dc9c-4231-4f75-a792-09c1b9997088.MOBGQP3UUYGFGYKD.SEARCH&ppt=None&ppn=None&ssid=g1c7g0ilhs0000001704964062092&qH=28388ea49f54c5b8
"MOTOROLA Edge 40 (Eclipse Black, 256 GB)",26999,PAY40028IN,https://www.flipkart.com/motorola-edge-40-eclipse-black-256-gb/p/itmbe5b18bf1f229?pid=MOBGKHNBY3JZJHTB&lid=LSTMOBGKHNBY3JZJHTBAAOHOJ&marketplace=FLIPKART&q=phones&store=tyy%2F4io&srno=s_6_138&otracker=search&fm=organic&iid=6f65dc9c-4231-4f75-a792-09c1b9997088.MOBGKHNBY3JZJHTB.SEARCH&ppt=None&ppn=None&ssid=g1c7g0ilhs0000001704964062092&qH=28388ea49f54c5b8
"realme C51 (Mint Green, 128 GB)",9499,RMX3830,https://www.flipkart.com/realme-c51-mint-green-128-gb/p/itm0e93bcb87927f?pid=MOBGU8PYH4CHK2YS&lid=LSTMOBGU8PYH4CHK2YS1LE0D5&marketplace=FLIPKART&q=phones&store=tyy%2F4io&srno=s_6_139&otracker=search&fm=organic&iid=6f65dc9c-4231-4f75-a792-09c1b9997088.MOBGU8PYH4CHK2YS.SEARCH&ppt=None&ppn=None&ssid=g1c7g0ilhs0000001704964062092&qH=28388ea49f54c5b8
"realme 11 Pro+ 5G (Astral Black, 256 GB)",29999,RMX3741,https://www.flipkart.com/realme-11-pro-5g-astral-black-256-gb/p/itm5647cce338e55?pid=MOBGPU8HFZFVPY2A&lid=LSTMOBGPU8HFZFVPY2AKCOEBQ&marketplace=FLIPKART&q=phones&store=tyy%2F4io&srno=s_6_140&otracker=search&fm=organic&iid=6f65dc9c-4231-4f75-a792-09c1b9997088.MOBGPU8HFZFVPY2A.SEARCH&ppt=None&ppn=None&ssid=g1c7g0ilhs0000001704964062092&qH=28388ea49f54c5b8
"OnePlus Nord CE 3 Lite 5G (Pastel Lime, 128 GB)",19414,,https://www.flipkart.com/oneplus-nord-ce-3-lite-5g-pastel-lime-128-gb/p/itmf8721ae0b4a98?pid=MOBGTXXG782FVENF&lid=LSTMOBGTXXG782FVENFS32ORQ&marketplace=FLIPKART&q=phones&store=tyy%2F4io&srno=s_6_141&otracker=search&fm=organic&iid=6f65dc9c-4231-4f75-a792-09c1b9997088.MOBGTXXG782FVENF.SEARCH&ppt=None&ppn=None&ssid=g1c7g0ilhs0000001704964062092&qH=28388ea49f54c5b8
"POCO X5 5G (Supernova Green, 256 GB)",20999,MZB0E1BIN,https://www.flipkart.com/poco-x5-5g-supernova-green-256-gb/p/itm275923a52e6c2?pid=MOBGNBFBABFZR3UR&lid=LSTMOBGNBFBABFZR3URHDBBIS&marketplace=FLIPKART&q=phones&store=tyy%2F4io&srno=s_6_142&otracker=search&fm=organic&iid=6f65dc9c-4231-4f75-a792-09c1b9997088.MOBGNBFBABFZR3UR.SEARCH&ppt=None&ppn=None&ssid=g1c7g0ilhs0000001704964062092&qH=28388ea49f54c5b8
"MOTOROLA g14 (Butter Cream, 128 GB)",8499,,https://www.flipkart.com/motorola-g14-butter-cream-128-gb/p/itm1be445b42514c?pid=MOBGQFX8XAJ3KHZ2&lid=LSTMOBGQFX8XAJ3KHZ2C7C0YB&marketplace=FLIPKART&q=phones&store=tyy%2F4io&srno=s_6_143&otracker=search&fm=organic&iid=6f65dc9c-4231-4f75-a792-09c1b9997088.MOBGQFX8XAJ3KHZ2.SEARCH&ppt=None&ppn=None&ssid=g1c7g0ilhs0000001704964062092&qH=28388ea49f54c5b8
"realme C51 (Carbon Black, 64 GB)",8999,RMX3830,https://www.flipkart.com/realme-c51-carbon-black-64-gb/p/itm0e93bcb87927f?pid=MOBGSQGGZ7HQMEZD&lid=LSTMOBGSQGGZ7HQMEZDQMM5MX&marketplace=FLIPKART&q=phones&store=tyy%2F4io&srno=s_6_144&otracker=search&fm=organic&iid=6f65dc9c-4231-4f75-a792-09c1b9997088.MOBGSQGGZ7HQMEZD.SEARCH&ppt=None&ppn=None&ssid=g1c7g0ilhs0000001704964062092&qH=28388ea49f54c5b8
